# Name,      Type, SubType, Offset,   Size,     Flags
nvs,         data, nvs,     0x10000,  0x6000,   encrypted
nvs_keys,    data, nvs_keys,0x16000,   0x1000,   encrypted
otadata,     data, ota,     0x17000,  0x2000,
phy_init,    data, phy,     0x19000,  0x1000,
factory,     app,  factory, 0x20000,  0x1C0000,
ota_0,       app,  ota_0,   0x1E0000, 0x1C0000,
ota_1,       app,  ota_1,   0x3A0000, 0x1C0000,
nvs_certs,   data, nvs,     0x560000, 0x20000,  encrypted
coredump,    data, coredump,0x580000, 0x10000,  encrypted
